{"startTime": 1585843164000, "startbtc": 0.620823858, "startUsd": 4225.53204942114, "startbtc2": 0.081496905, "startUsd2": 554.69482940865}