{"startTime": 1585883294000, "startbtc": 49.335874567, "startUsd": 7036.28243074554, "startbtc2": 0, "startUsd2": 0}