{"startTime": 1585883301000, "startbtc": 0.621012067, "startUsd": 4238.62471149845, "startbtc2": 0.082724327, "startUsd2": 564.6224852894501}