{"startTime": 1585783503000, "startbtc": 0.620987042, "startUsd": 4079.4191256585, "startbtc2": 0.143508998, "startUsd2": 942.7464851115}