{"startTime": 1585857434000, "startbtc": 49.475812272, "startUsd": 6976.089530352, "startbtc2": 0, "startUsd2": 0}